--
-- PostgreSQL database dump
--

-- Dumped from database version 16.6 (Ubuntu 16.6-0ubuntu0.24.04.1)
-- Dumped by pg_dump version 16.6 (Ubuntu 16.6-0ubuntu0.24.04.1)

SET statement_timeout = 0;
SET lock_timeout = 0;
SET idle_in_transaction_session_timeout = 0;
SET client_encoding = 'UTF8';
SET standard_conforming_strings = on;
SELECT pg_catalog.set_config('search_path', '', false);
SET check_function_bodies = false;
SET xmloption = content;
SET client_min_messages = warning;
SET row_security = off;

SET default_tablespace = '';

SET default_table_access_method = heap;

--
-- Name: auth_group; Type: TABLE; Schema: public; Owner: adminuser
--

CREATE TABLE public.auth_group (
    id integer NOT NULL,
    name character varying(150) NOT NULL
);


ALTER TABLE public.auth_group OWNER TO adminuser;

--
-- Name: auth_group_id_seq; Type: SEQUENCE; Schema: public; Owner: adminuser
--

ALTER TABLE public.auth_group ALTER COLUMN id ADD GENERATED BY DEFAULT AS IDENTITY (
    SEQUENCE NAME public.auth_group_id_seq
    START WITH 1
    INCREMENT BY 1
    NO MINVALUE
    NO MAXVALUE
    CACHE 1
);


--
-- Name: auth_group_permissions; Type: TABLE; Schema: public; Owner: adminuser
--

CREATE TABLE public.auth_group_permissions (
    id bigint NOT NULL,
    group_id integer NOT NULL,
    permission_id integer NOT NULL
);


ALTER TABLE public.auth_group_permissions OWNER TO adminuser;

--
-- Name: auth_group_permissions_id_seq; Type: SEQUENCE; Schema: public; Owner: adminuser
--

ALTER TABLE public.auth_group_permissions ALTER COLUMN id ADD GENERATED BY DEFAULT AS IDENTITY (
    SEQUENCE NAME public.auth_group_permissions_id_seq
    START WITH 1
    INCREMENT BY 1
    NO MINVALUE
    NO MAXVALUE
    CACHE 1
);


--
-- Name: auth_permission; Type: TABLE; Schema: public; Owner: adminuser
--

CREATE TABLE public.auth_permission (
    id integer NOT NULL,
    name character varying(255) NOT NULL,
    content_type_id integer NOT NULL,
    codename character varying(100) NOT NULL
);


ALTER TABLE public.auth_permission OWNER TO adminuser;

--
-- Name: auth_permission_id_seq; Type: SEQUENCE; Schema: public; Owner: adminuser
--

ALTER TABLE public.auth_permission ALTER COLUMN id ADD GENERATED BY DEFAULT AS IDENTITY (
    SEQUENCE NAME public.auth_permission_id_seq
    START WITH 1
    INCREMENT BY 1
    NO MINVALUE
    NO MAXVALUE
    CACHE 1
);


--
-- Name: auth_user; Type: TABLE; Schema: public; Owner: adminuser
--

CREATE TABLE public.auth_user (
    id integer NOT NULL,
    password character varying(128) NOT NULL,
    last_login timestamp with time zone,
    is_superuser boolean NOT NULL,
    username character varying(150) NOT NULL,
    first_name character varying(150) NOT NULL,
    last_name character varying(150) NOT NULL,
    email character varying(254) NOT NULL,
    is_staff boolean NOT NULL,
    is_active boolean NOT NULL,
    date_joined timestamp with time zone NOT NULL
);


ALTER TABLE public.auth_user OWNER TO adminuser;

--
-- Name: auth_user_groups; Type: TABLE; Schema: public; Owner: adminuser
--

CREATE TABLE public.auth_user_groups (
    id bigint NOT NULL,
    user_id integer NOT NULL,
    group_id integer NOT NULL
);


ALTER TABLE public.auth_user_groups OWNER TO adminuser;

--
-- Name: auth_user_groups_id_seq; Type: SEQUENCE; Schema: public; Owner: adminuser
--

ALTER TABLE public.auth_user_groups ALTER COLUMN id ADD GENERATED BY DEFAULT AS IDENTITY (
    SEQUENCE NAME public.auth_user_groups_id_seq
    START WITH 1
    INCREMENT BY 1
    NO MINVALUE
    NO MAXVALUE
    CACHE 1
);


--
-- Name: auth_user_id_seq; Type: SEQUENCE; Schema: public; Owner: adminuser
--

ALTER TABLE public.auth_user ALTER COLUMN id ADD GENERATED BY DEFAULT AS IDENTITY (
    SEQUENCE NAME public.auth_user_id_seq
    START WITH 1
    INCREMENT BY 1
    NO MINVALUE
    NO MAXVALUE
    CACHE 1
);


--
-- Name: auth_user_user_permissions; Type: TABLE; Schema: public; Owner: adminuser
--

CREATE TABLE public.auth_user_user_permissions (
    id bigint NOT NULL,
    user_id integer NOT NULL,
    permission_id integer NOT NULL
);


ALTER TABLE public.auth_user_user_permissions OWNER TO adminuser;

--
-- Name: auth_user_user_permissions_id_seq; Type: SEQUENCE; Schema: public; Owner: adminuser
--

ALTER TABLE public.auth_user_user_permissions ALTER COLUMN id ADD GENERATED BY DEFAULT AS IDENTITY (
    SEQUENCE NAME public.auth_user_user_permissions_id_seq
    START WITH 1
    INCREMENT BY 1
    NO MINVALUE
    NO MAXVALUE
    CACHE 1
);


--
-- Name: django_admin_log; Type: TABLE; Schema: public; Owner: adminuser
--

CREATE TABLE public.django_admin_log (
    id integer NOT NULL,
    action_time timestamp with time zone NOT NULL,
    object_id text,
    object_repr character varying(200) NOT NULL,
    action_flag smallint NOT NULL,
    change_message text NOT NULL,
    content_type_id integer,
    user_id integer NOT NULL,
    CONSTRAINT django_admin_log_action_flag_check CHECK ((action_flag >= 0))
);


ALTER TABLE public.django_admin_log OWNER TO adminuser;

--
-- Name: django_admin_log_id_seq; Type: SEQUENCE; Schema: public; Owner: adminuser
--

ALTER TABLE public.django_admin_log ALTER COLUMN id ADD GENERATED BY DEFAULT AS IDENTITY (
    SEQUENCE NAME public.django_admin_log_id_seq
    START WITH 1
    INCREMENT BY 1
    NO MINVALUE
    NO MAXVALUE
    CACHE 1
);


--
-- Name: django_content_type; Type: TABLE; Schema: public; Owner: adminuser
--

CREATE TABLE public.django_content_type (
    id integer NOT NULL,
    app_label character varying(100) NOT NULL,
    model character varying(100) NOT NULL
);


ALTER TABLE public.django_content_type OWNER TO adminuser;

--
-- Name: django_content_type_id_seq; Type: SEQUENCE; Schema: public; Owner: adminuser
--

ALTER TABLE public.django_content_type ALTER COLUMN id ADD GENERATED BY DEFAULT AS IDENTITY (
    SEQUENCE NAME public.django_content_type_id_seq
    START WITH 1
    INCREMENT BY 1
    NO MINVALUE
    NO MAXVALUE
    CACHE 1
);


--
-- Name: django_migrations; Type: TABLE; Schema: public; Owner: adminuser
--

CREATE TABLE public.django_migrations (
    id bigint NOT NULL,
    app character varying(255) NOT NULL,
    name character varying(255) NOT NULL,
    applied timestamp with time zone NOT NULL
);


ALTER TABLE public.django_migrations OWNER TO adminuser;

--
-- Name: django_migrations_id_seq; Type: SEQUENCE; Schema: public; Owner: adminuser
--

ALTER TABLE public.django_migrations ALTER COLUMN id ADD GENERATED BY DEFAULT AS IDENTITY (
    SEQUENCE NAME public.django_migrations_id_seq
    START WITH 1
    INCREMENT BY 1
    NO MINVALUE
    NO MAXVALUE
    CACHE 1
);


--
-- Name: django_session; Type: TABLE; Schema: public; Owner: adminuser
--

CREATE TABLE public.django_session (
    session_key character varying(40) NOT NULL,
    session_data text NOT NULL,
    expire_date timestamp with time zone NOT NULL
);


ALTER TABLE public.django_session OWNER TO adminuser;

--
-- Name: token_blacklist_blacklistedtoken; Type: TABLE; Schema: public; Owner: adminuser
--

CREATE TABLE public.token_blacklist_blacklistedtoken (
    id bigint NOT NULL,
    blacklisted_at timestamp with time zone NOT NULL,
    token_id bigint NOT NULL
);


ALTER TABLE public.token_blacklist_blacklistedtoken OWNER TO adminuser;

--
-- Name: token_blacklist_blacklistedtoken_id_seq; Type: SEQUENCE; Schema: public; Owner: adminuser
--

ALTER TABLE public.token_blacklist_blacklistedtoken ALTER COLUMN id ADD GENERATED BY DEFAULT AS IDENTITY (
    SEQUENCE NAME public.token_blacklist_blacklistedtoken_id_seq
    START WITH 1
    INCREMENT BY 1
    NO MINVALUE
    NO MAXVALUE
    CACHE 1
);


--
-- Name: token_blacklist_outstandingtoken; Type: TABLE; Schema: public; Owner: adminuser
--

CREATE TABLE public.token_blacklist_outstandingtoken (
    id bigint NOT NULL,
    token text NOT NULL,
    created_at timestamp with time zone,
    expires_at timestamp with time zone NOT NULL,
    user_id integer,
    jti character varying(255) NOT NULL
);


ALTER TABLE public.token_blacklist_outstandingtoken OWNER TO adminuser;

--
-- Name: token_blacklist_outstandingtoken_id_seq; Type: SEQUENCE; Schema: public; Owner: adminuser
--

ALTER TABLE public.token_blacklist_outstandingtoken ALTER COLUMN id ADD GENERATED BY DEFAULT AS IDENTITY (
    SEQUENCE NAME public.token_blacklist_outstandingtoken_id_seq
    START WITH 1
    INCREMENT BY 1
    NO MINVALUE
    NO MAXVALUE
    CACHE 1
);


--
-- Name: tweets_tweet; Type: TABLE; Schema: public; Owner: adminuser
--

CREATE TABLE public.tweets_tweet (
    id bigint NOT NULL,
    content character varying(280) NOT NULL,
    created_at timestamp with time zone NOT NULL,
    user_id integer NOT NULL
);


ALTER TABLE public.tweets_tweet OWNER TO adminuser;

--
-- Name: tweets_tweet_id_seq; Type: SEQUENCE; Schema: public; Owner: adminuser
--

ALTER TABLE public.tweets_tweet ALTER COLUMN id ADD GENERATED BY DEFAULT AS IDENTITY (
    SEQUENCE NAME public.tweets_tweet_id_seq
    START WITH 1
    INCREMENT BY 1
    NO MINVALUE
    NO MAXVALUE
    CACHE 1
);


--
-- Name: users_userprofile; Type: TABLE; Schema: public; Owner: adminuser
--

CREATE TABLE public.users_userprofile (
    id bigint NOT NULL,
    bio text NOT NULL,
    location character varying(30) NOT NULL,
    birth_date date,
    user_id integer NOT NULL,
    avatar_url character varying(200)
);


ALTER TABLE public.users_userprofile OWNER TO adminuser;

--
-- Name: users_userprofile_id_seq; Type: SEQUENCE; Schema: public; Owner: adminuser
--

ALTER TABLE public.users_userprofile ALTER COLUMN id ADD GENERATED BY DEFAULT AS IDENTITY (
    SEQUENCE NAME public.users_userprofile_id_seq
    START WITH 1
    INCREMENT BY 1
    NO MINVALUE
    NO MAXVALUE
    CACHE 1
);


--
-- Data for Name: auth_group; Type: TABLE DATA; Schema: public; Owner: adminuser
--

COPY public.auth_group (id, name) FROM stdin;
\.


--
-- Data for Name: auth_group_permissions; Type: TABLE DATA; Schema: public; Owner: adminuser
--

COPY public.auth_group_permissions (id, group_id, permission_id) FROM stdin;
\.


--
-- Data for Name: auth_permission; Type: TABLE DATA; Schema: public; Owner: adminuser
--

COPY public.auth_permission (id, name, content_type_id, codename) FROM stdin;
1	Can add log entry	1	add_logentry
2	Can change log entry	1	change_logentry
3	Can delete log entry	1	delete_logentry
4	Can view log entry	1	view_logentry
5	Can add permission	2	add_permission
6	Can change permission	2	change_permission
7	Can delete permission	2	delete_permission
8	Can view permission	2	view_permission
9	Can add group	3	add_group
10	Can change group	3	change_group
11	Can delete group	3	delete_group
12	Can view group	3	view_group
13	Can add user	4	add_user
14	Can change user	4	change_user
15	Can delete user	4	delete_user
16	Can view user	4	view_user
17	Can add content type	5	add_contenttype
18	Can change content type	5	change_contenttype
19	Can delete content type	5	delete_contenttype
20	Can view content type	5	view_contenttype
21	Can add session	6	add_session
22	Can change session	6	change_session
23	Can delete session	6	delete_session
24	Can view session	6	view_session
25	Can add blacklisted token	7	add_blacklistedtoken
26	Can change blacklisted token	7	change_blacklistedtoken
27	Can delete blacklisted token	7	delete_blacklistedtoken
28	Can view blacklisted token	7	view_blacklistedtoken
29	Can add outstanding token	8	add_outstandingtoken
30	Can change outstanding token	8	change_outstandingtoken
31	Can delete outstanding token	8	delete_outstandingtoken
32	Can view outstanding token	8	view_outstandingtoken
33	Can add tweet	9	add_tweet
34	Can change tweet	9	change_tweet
35	Can delete tweet	9	delete_tweet
36	Can view tweet	9	view_tweet
37	Can add user profile	10	add_userprofile
38	Can change user profile	10	change_userprofile
39	Can delete user profile	10	delete_userprofile
40	Can view user profile	10	view_userprofile
\.


--
-- Data for Name: auth_user; Type: TABLE DATA; Schema: public; Owner: adminuser
--

COPY public.auth_user (id, password, last_login, is_superuser, username, first_name, last_name, email, is_staff, is_active, date_joined) FROM stdin;
1	pbkdf2_sha256$870000$UI6iMasVrsghaViJ1fc9K9$aWMxOSaBr74sQ8Zs6tE6z1uAqNXErNvtYETEU+kDC4A=	\N	f	Diego			diegosmtattoo@gmail.com	f	t	2025-02-26 14:53:16.879743-03
2	pbkdf2_sha256$870000$zKkFkLWTE7u7NfnwWokojQ$yrvERKaVArrzkZHWbXrhCnNV7xfzq61q2Mtnb02f3X0=	\N	f	diego2			diegosmtattoo@gmail.com	f	t	2025-02-26 15:04:01.425519-03
3	pbkdf2_sha256$870000$Bk8DcihFgQPzqah3yWXXTq$5Whsp4UUFW1Q4FeydhvkQR527yehYQR0IfPynD1IiRk=	\N	f	123			diegosmtattoo@gmail.com	f	t	2025-02-26 15:04:57.820535-03
4	pbkdf2_sha256$870000$ZTVXejeL9NaRPTPdfVb8te$hjlIFO0uXge4lOVNKkga8B9Dd+89hGOmTkv5HLPwVqs=	\N	f	1232			diegosmtatoo@gmail.com	f	t	2025-02-26 15:28:12.98076-03
5	pbkdf2_sha256$870000$SZWxLmGSROCyPWT4rEApJU$5kGi3XTKuHddD5JKYR3jddfHPKY31L0w2QZ3jeNetF0=	\N	f	DiegoDiego			diegosmsaintmartin@gmail.com	f	t	2025-02-26 20:01:55.218058-03
\.


--
-- Data for Name: auth_user_groups; Type: TABLE DATA; Schema: public; Owner: adminuser
--

COPY public.auth_user_groups (id, user_id, group_id) FROM stdin;
\.


--
-- Data for Name: auth_user_user_permissions; Type: TABLE DATA; Schema: public; Owner: adminuser
--

COPY public.auth_user_user_permissions (id, user_id, permission_id) FROM stdin;
\.


--
-- Data for Name: django_admin_log; Type: TABLE DATA; Schema: public; Owner: adminuser
--

COPY public.django_admin_log (id, action_time, object_id, object_repr, action_flag, change_message, content_type_id, user_id) FROM stdin;
\.


--
-- Data for Name: django_content_type; Type: TABLE DATA; Schema: public; Owner: adminuser
--

COPY public.django_content_type (id, app_label, model) FROM stdin;
1	admin	logentry
2	auth	permission
3	auth	group
4	auth	user
5	contenttypes	contenttype
6	sessions	session
7	token_blacklist	blacklistedtoken
8	token_blacklist	outstandingtoken
9	tweets	tweet
10	users	userprofile
\.


--
-- Data for Name: django_migrations; Type: TABLE DATA; Schema: public; Owner: adminuser
--

COPY public.django_migrations (id, app, name, applied) FROM stdin;
1	contenttypes	0001_initial	2025-02-26 14:41:39.059953-03
2	auth	0001_initial	2025-02-26 14:41:39.173363-03
3	admin	0001_initial	2025-02-26 14:41:39.199147-03
4	admin	0002_logentry_remove_auto_add	2025-02-26 14:41:39.206216-03
5	admin	0003_logentry_add_action_flag_choices	2025-02-26 14:41:39.213316-03
6	contenttypes	0002_remove_content_type_name	2025-02-26 14:41:39.228253-03
7	auth	0002_alter_permission_name_max_length	2025-02-26 14:41:39.239795-03
8	auth	0003_alter_user_email_max_length	2025-02-26 14:41:39.247431-03
9	auth	0004_alter_user_username_opts	2025-02-26 14:41:39.255478-03
10	auth	0005_alter_user_last_login_null	2025-02-26 14:41:39.263168-03
11	auth	0006_require_contenttypes_0002	2025-02-26 14:41:39.266377-03
12	auth	0007_alter_validators_add_error_messages	2025-02-26 14:41:39.274878-03
13	auth	0008_alter_user_username_max_length	2025-02-26 14:41:39.2877-03
14	auth	0009_alter_user_last_name_max_length	2025-02-26 14:41:39.294686-03
15	auth	0010_alter_group_name_max_length	2025-02-26 14:41:39.303941-03
16	auth	0011_update_proxy_permissions	2025-02-26 14:41:39.310532-03
17	auth	0012_alter_user_first_name_max_length	2025-02-26 14:41:39.319267-03
18	sessions	0001_initial	2025-02-26 14:41:39.38113-03
19	token_blacklist	0001_initial	2025-02-26 14:41:39.421443-03
20	token_blacklist	0002_outstandingtoken_jti_hex	2025-02-26 14:41:39.428946-03
21	token_blacklist	0003_auto_20171017_2007	2025-02-26 14:41:39.44062-03
22	token_blacklist	0004_auto_20171017_2013	2025-02-26 14:41:39.45656-03
23	token_blacklist	0005_remove_outstandingtoken_jti	2025-02-26 14:41:39.463969-03
24	token_blacklist	0006_auto_20171017_2113	2025-02-26 14:41:39.472004-03
25	token_blacklist	0007_auto_20171017_2214	2025-02-26 14:41:39.489694-03
26	token_blacklist	0008_migrate_to_bigautofield	2025-02-26 14:41:39.546811-03
27	token_blacklist	0010_fix_migrate_to_bigautofield	2025-02-26 14:41:39.559809-03
28	token_blacklist	0011_linearizes_history	2025-02-26 14:41:39.564344-03
29	token_blacklist	0012_alter_outstandingtoken_user	2025-02-26 14:41:39.573892-03
30	tweets	0001_initial	2025-02-26 20:20:55.217282-03
31	users	0001_initial	2025-02-26 20:20:55.245011-03
32	users	0002_userprofile_avatar_url_alter_userprofile_user	2025-02-27 11:25:14.974486-03
\.


--
-- Data for Name: django_session; Type: TABLE DATA; Schema: public; Owner: adminuser
--

COPY public.django_session (session_key, session_data, expire_date) FROM stdin;
\.


--
-- Data for Name: token_blacklist_blacklistedtoken; Type: TABLE DATA; Schema: public; Owner: adminuser
--

COPY public.token_blacklist_blacklistedtoken (id, blacklisted_at, token_id) FROM stdin;
\.


--
-- Data for Name: token_blacklist_outstandingtoken; Type: TABLE DATA; Schema: public; Owner: adminuser
--

COPY public.token_blacklist_outstandingtoken (id, token, created_at, expires_at, user_id, jti) FROM stdin;
1	eyJhbGciOiJIUzI1NiIsInR5cCI6IkpXVCJ9.eyJ0b2tlbl90eXBlIjoicmVmcmVzaCIsImV4cCI6MTc0MDY3OTA3MywiaWF0IjoxNzQwNTkyNjczLCJqdGkiOiI1ODIyOTM4MDAwYmY0YzM1OGIxYWNhZmE3NWZiNGVhNCIsInVzZXJfaWQiOjF9.JTMeaW5uIUoL1w7EaRkwywQf7rPubaRvVtQi4eBubiA	2025-02-26 14:57:53.566584-03	2025-02-27 14:57:53-03	1	5822938000bf4c358b1acafa75fb4ea4
2	eyJhbGciOiJIUzI1NiIsInR5cCI6IkpXVCJ9.eyJ0b2tlbl90eXBlIjoicmVmcmVzaCIsImV4cCI6MTc0MDY4MjgzMCwiaWF0IjoxNzQwNTk2NDMwLCJqdGkiOiJmODIyMWFkNWNlZTM0YWZlOGUwMDFhYmY5Nzg5Mzk0NSIsInVzZXJfaWQiOjF9.EdKjqAOBR1YDmvvGjaSuB6shG9dsHg6QhqjAM8NzC2s	2025-02-26 16:00:30.840183-03	2025-02-27 16:00:30-03	1	f8221ad5cee34afe8e001abf97893945
3	eyJhbGciOiJIUzI1NiIsInR5cCI6IkpXVCJ9.eyJ0b2tlbl90eXBlIjoicmVmcmVzaCIsImV4cCI6MTc0MDY4NjQwMywiaWF0IjoxNzQwNjAwMDAzLCJqdGkiOiIzMzc3YTNmMzAxOWM0ZjgzODMxZDA0MmJkM2I3ODE4NiIsInVzZXJfaWQiOjF9.rSVAslPWUJN6HkIxxwBtmUZjibnebeSH-YmG3k_FTD8	2025-02-26 17:00:03.074812-03	2025-02-27 17:00:03-03	1	3377a3f3019c4f83831d042bd3b78186
4	eyJhbGciOiJIUzI1NiIsInR5cCI6IkpXVCJ9.eyJ0b2tlbl90eXBlIjoicmVmcmVzaCIsImV4cCI6MTc0MDY4NjgyOCwiaWF0IjoxNzQwNjAwNDI4LCJqdGkiOiIzNWUyNDEwMTY5NzA0MDJhYmUzZjEwZjRjODYwZTAzYiIsInVzZXJfaWQiOjF9.QAxzLWbxUjNkvPyLnr2kiG17d_qTuBHqqgRlDtjuTwA	2025-02-26 17:07:08.150512-03	2025-02-27 17:07:08-03	1	35e241016970402abe3f10f4c860e03b
5	eyJhbGciOiJIUzI1NiIsInR5cCI6IkpXVCJ9.eyJ0b2tlbl90eXBlIjoicmVmcmVzaCIsImV4cCI6MTc0MDY4NzIyMSwiaWF0IjoxNzQwNjAwODIxLCJqdGkiOiI2NTBhZWUzMzMyZGI0NjU3YmNiZjRkM2FkOGFjMGEwMSIsInVzZXJfaWQiOjF9.p7evmjZVciRuudGbqBKSDWdNZcsTJwLnMEU9w2aBUro	2025-02-26 17:13:41.547269-03	2025-02-27 17:13:41-03	1	650aee3332db4657bcbf4d3ad8ac0a01
6	eyJhbGciOiJIUzI1NiIsInR5cCI6IkpXVCJ9.eyJ0b2tlbl90eXBlIjoicmVmcmVzaCIsImV4cCI6MTc0MDY4NzMxNCwiaWF0IjoxNzQwNjAwOTE0LCJqdGkiOiI0YzRkYjkzOTJmMTY0MjE2ODkxM2IxZGU2NjJmZjhiZSIsInVzZXJfaWQiOjF9.oMekURa6GH1ePO7-stboOeqokAxbQai13k67hGhk_Kc	2025-02-26 17:15:14.283863-03	2025-02-27 17:15:14-03	1	4c4db9392f1642168913b1de662ff8be
7	eyJhbGciOiJIUzI1NiIsInR5cCI6IkpXVCJ9.eyJ0b2tlbl90eXBlIjoicmVmcmVzaCIsImV4cCI6MTc0MDY5NzMxOSwiaWF0IjoxNzQwNjEwOTE5LCJqdGkiOiJiOTMyYTE3YTk3YWM0NjdiOTgxZGQ3MWIwYjg0MzgwNSIsInVzZXJfaWQiOjF9.Bsjw_QhzgqjuEoUIOCxpOHaUg7GPCrf7KeovhglKa5I	2025-02-26 20:01:59.080263-03	2025-02-27 20:01:59-03	1	b932a17a97ac467b981dd71b0b843805
8	eyJhbGciOiJIUzI1NiIsInR5cCI6IkpXVCJ9.eyJ0b2tlbl90eXBlIjoicmVmcmVzaCIsImV4cCI6MTc0MDY5ODE5NCwiaWF0IjoxNzQwNjExNzk0LCJqdGkiOiI2YzMwNDljYjVkM2M0M2EwYWJhNjc0OWUzMWFlNzRhMyIsInVzZXJfaWQiOjF9.Faz0LFFz07yhuidLfB34Bqi69A4gLA-UM1tzGGENmdQ	2025-02-26 20:16:34.743381-03	2025-02-27 20:16:34-03	1	6c3049cb5d3c43a0aba6749e31ae74a3
9	eyJhbGciOiJIUzI1NiIsInR5cCI6IkpXVCJ9.eyJ0b2tlbl90eXBlIjoicmVmcmVzaCIsImV4cCI6MTc0MDY5ODQ4OCwiaWF0IjoxNzQwNjEyMDg4LCJqdGkiOiI2NTZkOTI0OTc5MmQ0N2QxYjYxZmYxY2QwOWY0NzRlNSIsInVzZXJfaWQiOjF9.7iOt1GhrKLE3Qyp3X41wdHX2q2STcd1aDoMw9JdvNtk	2025-02-26 20:21:28.843971-03	2025-02-27 20:21:28-03	1	656d9249792d47d1b61ff1cd09f474e5
10	eyJhbGciOiJIUzI1NiIsInR5cCI6IkpXVCJ9.eyJ0b2tlbl90eXBlIjoicmVmcmVzaCIsImV4cCI6MTc0MDY5OTgzMCwiaWF0IjoxNzQwNjEzNDMwLCJqdGkiOiIxNGY3ZGRlYTI3N2E0OGQ0YTI3NTkwMTBkMzBhMzhhNyIsInVzZXJfaWQiOjF9.Ax1BDpTKF37zhWvonxXKPYjNfocr66bls1rOoy9Ybb4	2025-02-26 20:43:50.29196-03	2025-02-27 20:43:50-03	1	14f7ddea277a48d4a2759010d30a38a7
11	eyJhbGciOiJIUzI1NiIsInR5cCI6IkpXVCJ9.eyJ0b2tlbl90eXBlIjoicmVmcmVzaCIsImV4cCI6MTc0MDcwMDU0MiwiaWF0IjoxNzQwNjE0MTQyLCJqdGkiOiIwYmI4YTk4OTZhMjU0YTUyYWNhODI4NDU2NzJiZWVjNSIsInVzZXJfaWQiOjF9.7O4Y22QY4fhz0Zv4xIrT9klcMUST2bi0LXxIf_kJNuc	2025-02-26 20:55:42.915295-03	2025-02-27 20:55:42-03	1	0bb8a9896a254a52aca82845672beec5
12	eyJhbGciOiJIUzI1NiIsInR5cCI6IkpXVCJ9.eyJ0b2tlbl90eXBlIjoicmVmcmVzaCIsImV4cCI6MTc0MDcwMzczOCwiaWF0IjoxNzQwNjE3MzM4LCJqdGkiOiIyMzUyYmZhMThlZTc0ZjMyOGFiNWRjMDExODA3NjRhOSIsInVzZXJfaWQiOjN9.bRC9Mm1N9Ax_xVZ_7DHSd9Q3ZVeMcNAHy5OE9Kqadvw	2025-02-26 21:48:58.78478-03	2025-02-27 21:48:58-03	3	2352bfa18ee74f328ab5dc01180764a9
13	eyJhbGciOiJIUzI1NiIsInR5cCI6IkpXVCJ9.eyJ0b2tlbl90eXBlIjoicmVmcmVzaCIsImV4cCI6MTc0MDcwMzk2OCwiaWF0IjoxNzQwNjE3NTY4LCJqdGkiOiI4NTdjY2Q3NTI5OGQ0M2ZhOWIyZmVlMTNiZDcyODQ0YSIsInVzZXJfaWQiOjN9.8q1_qStH4Wwl4urA2adb1mYVshSj5mXx_VBbXd7a26w	2025-02-26 21:52:48.589432-03	2025-02-27 21:52:48-03	3	857ccd75298d43fa9b2fee13bd72844a
14	eyJhbGciOiJIUzI1NiIsInR5cCI6IkpXVCJ9.eyJ0b2tlbl90eXBlIjoicmVmcmVzaCIsImV4cCI6MTc0MDcwNzM5MSwiaWF0IjoxNzQwNjIwOTkxLCJqdGkiOiIyY2FmMWFjYzI3Njc0ZTA2ODA3NWYxMTQxY2M1MDRlZSIsInVzZXJfaWQiOjN9.dRoFumLdU_BzHthXn1Vlm_nX3a5cBG71CITHZx52Ocw	2025-02-26 22:49:51.577672-03	2025-02-27 22:49:51-03	3	2caf1acc27674e068075f1141cc504ee
15	eyJhbGciOiJIUzI1NiIsInR5cCI6IkpXVCJ9.eyJ0b2tlbl90eXBlIjoicmVmcmVzaCIsImV4cCI6MTc0MDcwNzQxMCwiaWF0IjoxNzQwNjIxMDEwLCJqdGkiOiJkOWUzNzYzNmRjZTI0NDgwOWViYjU2ZDM0OTVjZDgyMCIsInVzZXJfaWQiOjN9.S75QNLEXfzsXD8yOJyNeWdWVSTz4kxxHnX5rMtPxgoM	2025-02-26 22:50:10.707562-03	2025-02-27 22:50:10-03	3	d9e37636dce244809ebb56d3495cd820
16	eyJhbGciOiJIUzI1NiIsInR5cCI6IkpXVCJ9.eyJ0b2tlbl90eXBlIjoicmVmcmVzaCIsImV4cCI6MTc0MDcwODA3NSwiaWF0IjoxNzQwNjIxNjc1LCJqdGkiOiI4Zjc3N2M5OTA2YmE0NjIyYmE4N2ZlNDM0MzYyYjM1MyIsInVzZXJfaWQiOjN9.w65pOh5k_xSb0pNcscWYVHpr_TSb3ZFOlj9ar6Wqx18	2025-02-26 23:01:15.707216-03	2025-02-27 23:01:15-03	3	8f777c9906ba4622ba87fe434362b353
17	eyJhbGciOiJIUzI1NiIsInR5cCI6IkpXVCJ9.eyJ0b2tlbl90eXBlIjoicmVmcmVzaCIsImV4cCI6MTc0MDcxMjAwNiwiaWF0IjoxNzQwNjI1NjA2LCJqdGkiOiI3NWIxMzkxYjE0MmE0Y2QzYWU5ZWE1ZWYwODNkNzRmNCIsInVzZXJfaWQiOjN9.SUR5AeVJgiYXqDhhUcL1XVW6HElm0ZSosrMsMKaCjpg	2025-02-27 00:06:46.352411-03	2025-02-28 00:06:46-03	3	75b1391b142a4cd3ae9ea5ef083d74f4
18	eyJhbGciOiJIUzI1NiIsInR5cCI6IkpXVCJ9.eyJ0b2tlbl90eXBlIjoicmVmcmVzaCIsImV4cCI6MTc0MDc0NzY2NSwiaWF0IjoxNzQwNjYxMjY1LCJqdGkiOiJiNDFkYTIzMTFhZWI0MjhiYThmMDVhYzY4NGE2NDg1OSIsInVzZXJfaWQiOjN9.MwVhXQhs2jYV_qmq4mvT0hxLJ2HQkQNsdw_a6PzPCEc	2025-02-27 10:01:05.67137-03	2025-02-28 10:01:05-03	3	b41da2311aeb428ba8f05ac684a64859
19	eyJhbGciOiJIUzI1NiIsInR5cCI6IkpXVCJ9.eyJ0b2tlbl90eXBlIjoicmVmcmVzaCIsImV4cCI6MTc0MDc0ODAyOCwiaWF0IjoxNzQwNjYxNjI4LCJqdGkiOiIzN2E1M2E4NTVlNGM0Y2Y4YmYyYmQ3MmUxZjczM2VkNyIsInVzZXJfaWQiOjN9.VW6IADXKeiNzCKHevo0hXKhf6zfm2w0x11m0Yk8v5Cg	2025-02-27 10:07:08.974227-03	2025-02-28 10:07:08-03	3	37a53a855e4c4cf8bf2bd72e1f733ed7
20	eyJhbGciOiJIUzI1NiIsInR5cCI6IkpXVCJ9.eyJ0b2tlbl90eXBlIjoicmVmcmVzaCIsImV4cCI6MTc0MDc0ODA0MCwiaWF0IjoxNzQwNjYxNjQwLCJqdGkiOiI1YjQ0MWM0MmM0YmI0MTQ1YWVjNjlhNWE4MDhjNzRkNiIsInVzZXJfaWQiOjN9.WZg3hr5H9kx-4aH1VW6QdY7BGI_cJnlJYPoHnKHw_KE	2025-02-27 10:07:20.574268-03	2025-02-28 10:07:20-03	3	5b441c42c4bb4145aec69a5a808c74d6
21	eyJhbGciOiJIUzI1NiIsInR5cCI6IkpXVCJ9.eyJ0b2tlbl90eXBlIjoicmVmcmVzaCIsImV4cCI6MTc0MDc0ODA3MSwiaWF0IjoxNzQwNjYxNjcxLCJqdGkiOiI0YzFiMDMwZThkZjg0Yjc1OTMxZTFiOThiODViZThjZiIsInVzZXJfaWQiOjN9.7GOSp8OxyNWsOiM0ijp-8CPDAwKIz7-uoiCFnsA6T4g	2025-02-27 10:07:51.449834-03	2025-02-28 10:07:51-03	3	4c1b030e8df84b75931e1b98b85be8cf
22	eyJhbGciOiJIUzI1NiIsInR5cCI6IkpXVCJ9.eyJ0b2tlbl90eXBlIjoicmVmcmVzaCIsImV4cCI6MTc0MDc1MjQxOCwiaWF0IjoxNzQwNjY2MDE4LCJqdGkiOiI2YzQzMTgzY2ExMzU0OWRkYTljN2JjYjc5NmFlYTMyMCIsInVzZXJfaWQiOjN9.6qdfJZ7FShj11eZT4Xs9rmhsHfU8ljJFZoZG2rhyQG4	2025-02-27 11:20:18.007256-03	2025-02-28 11:20:18-03	3	6c43183ca13549dda9c7bcb796aea320
23	eyJhbGciOiJIUzI1NiIsInR5cCI6IkpXVCJ9.eyJ0b2tlbl90eXBlIjoicmVmcmVzaCIsImV4cCI6MTc0MDc1NzA0MiwiaWF0IjoxNzQwNjcwNjQyLCJqdGkiOiJlZDMxYTYzMjVkMTg0MTNmODM3OGFjYjZjZDE0Yzg1ZiIsInVzZXJfaWQiOjN9.oV46Cb8vdPdEgpEjgeqJ0L_rWvvEWcJqMk27BLxLqOU	2025-02-27 12:37:22.133164-03	2025-02-28 12:37:22-03	3	ed31a6325d18413f8378acb6cd14c85f
\.


--
-- Data for Name: tweets_tweet; Type: TABLE DATA; Schema: public; Owner: adminuser
--

COPY public.tweets_tweet (id, content, created_at, user_id) FROM stdin;
1	12345	2025-02-26 20:21:32.298912-03	1
2	1234	2025-02-26 20:38:35.538547-03	1
3	1234	2025-02-26 20:38:38.61322-03	1
4	1234	2025-02-26 20:43:53.181201-03	1
5	Diego	2025-02-26 20:44:02.747783-03	1
6	12345 oi	2025-02-26 21:23:46.040159-03	1
7	Diego Teste	2025-02-26 21:35:46.811317-03	1
8	mais um teste	2025-02-26 23:01:24.839825-03	3
9	123	2025-02-27 00:12:29.898474-03	3
\.


--
-- Data for Name: users_userprofile; Type: TABLE DATA; Schema: public; Owner: adminuser
--

COPY public.users_userprofile (id, bio, location, birth_date, user_id, avatar_url) FROM stdin;
\.


--
-- Name: auth_group_id_seq; Type: SEQUENCE SET; Schema: public; Owner: adminuser
--

SELECT pg_catalog.setval('public.auth_group_id_seq', 1, false);


--
-- Name: auth_group_permissions_id_seq; Type: SEQUENCE SET; Schema: public; Owner: adminuser
--

SELECT pg_catalog.setval('public.auth_group_permissions_id_seq', 1, false);


--
-- Name: auth_permission_id_seq; Type: SEQUENCE SET; Schema: public; Owner: adminuser
--

SELECT pg_catalog.setval('public.auth_permission_id_seq', 40, true);


--
-- Name: auth_user_groups_id_seq; Type: SEQUENCE SET; Schema: public; Owner: adminuser
--

SELECT pg_catalog.setval('public.auth_user_groups_id_seq', 1, false);


--
-- Name: auth_user_id_seq; Type: SEQUENCE SET; Schema: public; Owner: adminuser
--

SELECT pg_catalog.setval('public.auth_user_id_seq', 5, true);


--
-- Name: auth_user_user_permissions_id_seq; Type: SEQUENCE SET; Schema: public; Owner: adminuser
--

SELECT pg_catalog.setval('public.auth_user_user_permissions_id_seq', 1, false);


--
-- Name: django_admin_log_id_seq; Type: SEQUENCE SET; Schema: public; Owner: adminuser
--

SELECT pg_catalog.setval('public.django_admin_log_id_seq', 1, false);


--
-- Name: django_content_type_id_seq; Type: SEQUENCE SET; Schema: public; Owner: adminuser
--

SELECT pg_catalog.setval('public.django_content_type_id_seq', 10, true);


--
-- Name: django_migrations_id_seq; Type: SEQUENCE SET; Schema: public; Owner: adminuser
--

SELECT pg_catalog.setval('public.django_migrations_id_seq', 32, true);


--
-- Name: token_blacklist_blacklistedtoken_id_seq; Type: SEQUENCE SET; Schema: public; Owner: adminuser
--

SELECT pg_catalog.setval('public.token_blacklist_blacklistedtoken_id_seq', 1, false);


--
-- Name: token_blacklist_outstandingtoken_id_seq; Type: SEQUENCE SET; Schema: public; Owner: adminuser
--

SELECT pg_catalog.setval('public.token_blacklist_outstandingtoken_id_seq', 23, true);


--
-- Name: tweets_tweet_id_seq; Type: SEQUENCE SET; Schema: public; Owner: adminuser
--

SELECT pg_catalog.setval('public.tweets_tweet_id_seq', 9, true);


--
-- Name: users_userprofile_id_seq; Type: SEQUENCE SET; Schema: public; Owner: adminuser
--

SELECT pg_catalog.setval('public.users_userprofile_id_seq', 1, false);


--
-- Name: auth_group auth_group_name_key; Type: CONSTRAINT; Schema: public; Owner: adminuser
--

ALTER TABLE ONLY public.auth_group
    ADD CONSTRAINT auth_group_name_key UNIQUE (name);


--
-- Name: auth_group_permissions auth_group_permissions_group_id_permission_id_0cd325b0_uniq; Type: CONSTRAINT; Schema: public; Owner: adminuser
--

ALTER TABLE ONLY public.auth_group_permissions
    ADD CONSTRAINT auth_group_permissions_group_id_permission_id_0cd325b0_uniq UNIQUE (group_id, permission_id);


--
-- Name: auth_group_permissions auth_group_permissions_pkey; Type: CONSTRAINT; Schema: public; Owner: adminuser
--

ALTER TABLE ONLY public.auth_group_permissions
    ADD CONSTRAINT auth_group_permissions_pkey PRIMARY KEY (id);


--
-- Name: auth_group auth_group_pkey; Type: CONSTRAINT; Schema: public; Owner: adminuser
--

ALTER TABLE ONLY public.auth_group
    ADD CONSTRAINT auth_group_pkey PRIMARY KEY (id);


--
-- Name: auth_permission auth_permission_content_type_id_codename_01ab375a_uniq; Type: CONSTRAINT; Schema: public; Owner: adminuser
--

ALTER TABLE ONLY public.auth_permission
    ADD CONSTRAINT auth_permission_content_type_id_codename_01ab375a_uniq UNIQUE (content_type_id, codename);


--
-- Name: auth_permission auth_permission_pkey; Type: CONSTRAINT; Schema: public; Owner: adminuser
--

ALTER TABLE ONLY public.auth_permission
    ADD CONSTRAINT auth_permission_pkey PRIMARY KEY (id);


--
-- Name: auth_user_groups auth_user_groups_pkey; Type: CONSTRAINT; Schema: public; Owner: adminuser
--

ALTER TABLE ONLY public.auth_user_groups
    ADD CONSTRAINT auth_user_groups_pkey PRIMARY KEY (id);


--
-- Name: auth_user_groups auth_user_groups_user_id_group_id_94350c0c_uniq; Type: CONSTRAINT; Schema: public; Owner: adminuser
--

ALTER TABLE ONLY public.auth_user_groups
    ADD CONSTRAINT auth_user_groups_user_id_group_id_94350c0c_uniq UNIQUE (user_id, group_id);


--
-- Name: auth_user auth_user_pkey; Type: CONSTRAINT; Schema: public; Owner: adminuser
--

ALTER TABLE ONLY public.auth_user
    ADD CONSTRAINT auth_user_pkey PRIMARY KEY (id);


--
-- Name: auth_user_user_permissions auth_user_user_permissions_pkey; Type: CONSTRAINT; Schema: public; Owner: adminuser
--

ALTER TABLE ONLY public.auth_user_user_permissions
    ADD CONSTRAINT auth_user_user_permissions_pkey PRIMARY KEY (id);


--
-- Name: auth_user_user_permissions auth_user_user_permissions_user_id_permission_id_14a6b632_uniq; Type: CONSTRAINT; Schema: public; Owner: adminuser
--

ALTER TABLE ONLY public.auth_user_user_permissions
    ADD CONSTRAINT auth_user_user_permissions_user_id_permission_id_14a6b632_uniq UNIQUE (user_id, permission_id);


--
-- Name: auth_user auth_user_username_key; Type: CONSTRAINT; Schema: public; Owner: adminuser
--

ALTER TABLE ONLY public.auth_user
    ADD CONSTRAINT auth_user_username_key UNIQUE (username);


--
-- Name: django_admin_log django_admin_log_pkey; Type: CONSTRAINT; Schema: public; Owner: adminuser
--

ALTER TABLE ONLY public.django_admin_log
    ADD CONSTRAINT django_admin_log_pkey PRIMARY KEY (id);


--
-- Name: django_content_type django_content_type_app_label_model_76bd3d3b_uniq; Type: CONSTRAINT; Schema: public; Owner: adminuser
--

ALTER TABLE ONLY public.django_content_type
    ADD CONSTRAINT django_content_type_app_label_model_76bd3d3b_uniq UNIQUE (app_label, model);


--
-- Name: django_content_type django_content_type_pkey; Type: CONSTRAINT; Schema: public; Owner: adminuser
--

ALTER TABLE ONLY public.django_content_type
    ADD CONSTRAINT django_content_type_pkey PRIMARY KEY (id);


--
-- Name: django_migrations django_migrations_pkey; Type: CONSTRAINT; Schema: public; Owner: adminuser
--

ALTER TABLE ONLY public.django_migrations
    ADD CONSTRAINT django_migrations_pkey PRIMARY KEY (id);


--
-- Name: django_session django_session_pkey; Type: CONSTRAINT; Schema: public; Owner: adminuser
--

ALTER TABLE ONLY public.django_session
    ADD CONSTRAINT django_session_pkey PRIMARY KEY (session_key);


--
-- Name: token_blacklist_blacklistedtoken token_blacklist_blacklistedtoken_pkey; Type: CONSTRAINT; Schema: public; Owner: adminuser
--

ALTER TABLE ONLY public.token_blacklist_blacklistedtoken
    ADD CONSTRAINT token_blacklist_blacklistedtoken_pkey PRIMARY KEY (id);


--
-- Name: token_blacklist_blacklistedtoken token_blacklist_blacklistedtoken_token_id_key; Type: CONSTRAINT; Schema: public; Owner: adminuser
--

ALTER TABLE ONLY public.token_blacklist_blacklistedtoken
    ADD CONSTRAINT token_blacklist_blacklistedtoken_token_id_key UNIQUE (token_id);


--
-- Name: token_blacklist_outstandingtoken token_blacklist_outstandingtoken_jti_hex_d9bdf6f7_uniq; Type: CONSTRAINT; Schema: public; Owner: adminuser
--

ALTER TABLE ONLY public.token_blacklist_outstandingtoken
    ADD CONSTRAINT token_blacklist_outstandingtoken_jti_hex_d9bdf6f7_uniq UNIQUE (jti);


--
-- Name: token_blacklist_outstandingtoken token_blacklist_outstandingtoken_pkey; Type: CONSTRAINT; Schema: public; Owner: adminuser
--

ALTER TABLE ONLY public.token_blacklist_outstandingtoken
    ADD CONSTRAINT token_blacklist_outstandingtoken_pkey PRIMARY KEY (id);


--
-- Name: tweets_tweet tweets_tweet_pkey; Type: CONSTRAINT; Schema: public; Owner: adminuser
--

ALTER TABLE ONLY public.tweets_tweet
    ADD CONSTRAINT tweets_tweet_pkey PRIMARY KEY (id);


--
-- Name: users_userprofile users_userprofile_pkey; Type: CONSTRAINT; Schema: public; Owner: adminuser
--

ALTER TABLE ONLY public.users_userprofile
    ADD CONSTRAINT users_userprofile_pkey PRIMARY KEY (id);


--
-- Name: users_userprofile users_userprofile_user_id_key; Type: CONSTRAINT; Schema: public; Owner: adminuser
--

ALTER TABLE ONLY public.users_userprofile
    ADD CONSTRAINT users_userprofile_user_id_key UNIQUE (user_id);


--
-- Name: auth_group_name_a6ea08ec_like; Type: INDEX; Schema: public; Owner: adminuser
--

CREATE INDEX auth_group_name_a6ea08ec_like ON public.auth_group USING btree (name varchar_pattern_ops);


--
-- Name: auth_group_permissions_group_id_b120cbf9; Type: INDEX; Schema: public; Owner: adminuser
--

CREATE INDEX auth_group_permissions_group_id_b120cbf9 ON public.auth_group_permissions USING btree (group_id);


--
-- Name: auth_group_permissions_permission_id_84c5c92e; Type: INDEX; Schema: public; Owner: adminuser
--

CREATE INDEX auth_group_permissions_permission_id_84c5c92e ON public.auth_group_permissions USING btree (permission_id);


--
-- Name: auth_permission_content_type_id_2f476e4b; Type: INDEX; Schema: public; Owner: adminuser
--

CREATE INDEX auth_permission_content_type_id_2f476e4b ON public.auth_permission USING btree (content_type_id);


--
-- Name: auth_user_groups_group_id_97559544; Type: INDEX; Schema: public; Owner: adminuser
--

CREATE INDEX auth_user_groups_group_id_97559544 ON public.auth_user_groups USING btree (group_id);


--
-- Name: auth_user_groups_user_id_6a12ed8b; Type: INDEX; Schema: public; Owner: adminuser
--

CREATE INDEX auth_user_groups_user_id_6a12ed8b ON public.auth_user_groups USING btree (user_id);


--
-- Name: auth_user_user_permissions_permission_id_1fbb5f2c; Type: INDEX; Schema: public; Owner: adminuser
--

CREATE INDEX auth_user_user_permissions_permission_id_1fbb5f2c ON public.auth_user_user_permissions USING btree (permission_id);


--
-- Name: auth_user_user_permissions_user_id_a95ead1b; Type: INDEX; Schema: public; Owner: adminuser
--

CREATE INDEX auth_user_user_permissions_user_id_a95ead1b ON public.auth_user_user_permissions USING btree (user_id);


--
-- Name: auth_user_username_6821ab7c_like; Type: INDEX; Schema: public; Owner: adminuser
--

CREATE INDEX auth_user_username_6821ab7c_like ON public.auth_user USING btree (username varchar_pattern_ops);


--
-- Name: django_admin_log_content_type_id_c4bce8eb; Type: INDEX; Schema: public; Owner: adminuser
--

CREATE INDEX django_admin_log_content_type_id_c4bce8eb ON public.django_admin_log USING btree (content_type_id);


--
-- Name: django_admin_log_user_id_c564eba6; Type: INDEX; Schema: public; Owner: adminuser
--

CREATE INDEX django_admin_log_user_id_c564eba6 ON public.django_admin_log USING btree (user_id);


--
-- Name: django_session_expire_date_a5c62663; Type: INDEX; Schema: public; Owner: adminuser
--

CREATE INDEX django_session_expire_date_a5c62663 ON public.django_session USING btree (expire_date);


--
-- Name: django_session_session_key_c0390e0f_like; Type: INDEX; Schema: public; Owner: adminuser
--

CREATE INDEX django_session_session_key_c0390e0f_like ON public.django_session USING btree (session_key varchar_pattern_ops);


--
-- Name: token_blacklist_outstandingtoken_jti_hex_d9bdf6f7_like; Type: INDEX; Schema: public; Owner: adminuser
--

CREATE INDEX token_blacklist_outstandingtoken_jti_hex_d9bdf6f7_like ON public.token_blacklist_outstandingtoken USING btree (jti varchar_pattern_ops);


--
-- Name: token_blacklist_outstandingtoken_user_id_83bc629a; Type: INDEX; Schema: public; Owner: adminuser
--

CREATE INDEX token_blacklist_outstandingtoken_user_id_83bc629a ON public.token_blacklist_outstandingtoken USING btree (user_id);


--
-- Name: tweets_tweet_user_id_6c666125; Type: INDEX; Schema: public; Owner: adminuser
--

CREATE INDEX tweets_tweet_user_id_6c666125 ON public.tweets_tweet USING btree (user_id);


--
-- Name: auth_group_permissions auth_group_permissio_permission_id_84c5c92e_fk_auth_perm; Type: FK CONSTRAINT; Schema: public; Owner: adminuser
--

ALTER TABLE ONLY public.auth_group_permissions
    ADD CONSTRAINT auth_group_permissio_permission_id_84c5c92e_fk_auth_perm FOREIGN KEY (permission_id) REFERENCES public.auth_permission(id) DEFERRABLE INITIALLY DEFERRED;


--
-- Name: auth_group_permissions auth_group_permissions_group_id_b120cbf9_fk_auth_group_id; Type: FK CONSTRAINT; Schema: public; Owner: adminuser
--

ALTER TABLE ONLY public.auth_group_permissions
    ADD CONSTRAINT auth_group_permissions_group_id_b120cbf9_fk_auth_group_id FOREIGN KEY (group_id) REFERENCES public.auth_group(id) DEFERRABLE INITIALLY DEFERRED;


--
-- Name: auth_permission auth_permission_content_type_id_2f476e4b_fk_django_co; Type: FK CONSTRAINT; Schema: public; Owner: adminuser
--

ALTER TABLE ONLY public.auth_permission
    ADD CONSTRAINT auth_permission_content_type_id_2f476e4b_fk_django_co FOREIGN KEY (content_type_id) REFERENCES public.django_content_type(id) DEFERRABLE INITIALLY DEFERRED;


--
-- Name: auth_user_groups auth_user_groups_group_id_97559544_fk_auth_group_id; Type: FK CONSTRAINT; Schema: public; Owner: adminuser
--

ALTER TABLE ONLY public.auth_user_groups
    ADD CONSTRAINT auth_user_groups_group_id_97559544_fk_auth_group_id FOREIGN KEY (group_id) REFERENCES public.auth_group(id) DEFERRABLE INITIALLY DEFERRED;


--
-- Name: auth_user_groups auth_user_groups_user_id_6a12ed8b_fk_auth_user_id; Type: FK CONSTRAINT; Schema: public; Owner: adminuser
--

ALTER TABLE ONLY public.auth_user_groups
    ADD CONSTRAINT auth_user_groups_user_id_6a12ed8b_fk_auth_user_id FOREIGN KEY (user_id) REFERENCES public.auth_user(id) DEFERRABLE INITIALLY DEFERRED;


--
-- Name: auth_user_user_permissions auth_user_user_permi_permission_id_1fbb5f2c_fk_auth_perm; Type: FK CONSTRAINT; Schema: public; Owner: adminuser
--

ALTER TABLE ONLY public.auth_user_user_permissions
    ADD CONSTRAINT auth_user_user_permi_permission_id_1fbb5f2c_fk_auth_perm FOREIGN KEY (permission_id) REFERENCES public.auth_permission(id) DEFERRABLE INITIALLY DEFERRED;


--
-- Name: auth_user_user_permissions auth_user_user_permissions_user_id_a95ead1b_fk_auth_user_id; Type: FK CONSTRAINT; Schema: public; Owner: adminuser
--

ALTER TABLE ONLY public.auth_user_user_permissions
    ADD CONSTRAINT auth_user_user_permissions_user_id_a95ead1b_fk_auth_user_id FOREIGN KEY (user_id) REFERENCES public.auth_user(id) DEFERRABLE INITIALLY DEFERRED;


--
-- Name: django_admin_log django_admin_log_content_type_id_c4bce8eb_fk_django_co; Type: FK CONSTRAINT; Schema: public; Owner: adminuser
--

ALTER TABLE ONLY public.django_admin_log
    ADD CONSTRAINT django_admin_log_content_type_id_c4bce8eb_fk_django_co FOREIGN KEY (content_type_id) REFERENCES public.django_content_type(id) DEFERRABLE INITIALLY DEFERRED;


--
-- Name: django_admin_log django_admin_log_user_id_c564eba6_fk_auth_user_id; Type: FK CONSTRAINT; Schema: public; Owner: adminuser
--

ALTER TABLE ONLY public.django_admin_log
    ADD CONSTRAINT django_admin_log_user_id_c564eba6_fk_auth_user_id FOREIGN KEY (user_id) REFERENCES public.auth_user(id) DEFERRABLE INITIALLY DEFERRED;


--
-- Name: token_blacklist_blacklistedtoken token_blacklist_blacklistedtoken_token_id_3cc7fe56_fk; Type: FK CONSTRAINT; Schema: public; Owner: adminuser
--

ALTER TABLE ONLY public.token_blacklist_blacklistedtoken
    ADD CONSTRAINT token_blacklist_blacklistedtoken_token_id_3cc7fe56_fk FOREIGN KEY (token_id) REFERENCES public.token_blacklist_outstandingtoken(id) DEFERRABLE INITIALLY DEFERRED;


--
-- Name: token_blacklist_outstandingtoken token_blacklist_outs_user_id_83bc629a_fk_auth_user; Type: FK CONSTRAINT; Schema: public; Owner: adminuser
--

ALTER TABLE ONLY public.token_blacklist_outstandingtoken
    ADD CONSTRAINT token_blacklist_outs_user_id_83bc629a_fk_auth_user FOREIGN KEY (user_id) REFERENCES public.auth_user(id) DEFERRABLE INITIALLY DEFERRED;


--
-- Name: tweets_tweet tweets_tweet_user_id_6c666125_fk_auth_user_id; Type: FK CONSTRAINT; Schema: public; Owner: adminuser
--

ALTER TABLE ONLY public.tweets_tweet
    ADD CONSTRAINT tweets_tweet_user_id_6c666125_fk_auth_user_id FOREIGN KEY (user_id) REFERENCES public.auth_user(id) DEFERRABLE INITIALLY DEFERRED;


--
-- Name: users_userprofile users_userprofile_user_id_87251ef1_fk_auth_user_id; Type: FK CONSTRAINT; Schema: public; Owner: adminuser
--

ALTER TABLE ONLY public.users_userprofile
    ADD CONSTRAINT users_userprofile_user_id_87251ef1_fk_auth_user_id FOREIGN KEY (user_id) REFERENCES public.auth_user(id) DEFERRABLE INITIALLY DEFERRED;


--
-- Name: SCHEMA public; Type: ACL; Schema: -; Owner: pg_database_owner
--

GRANT ALL ON SCHEMA public TO adminuser;
GRANT ALL ON SCHEMA public TO admin;


--
-- PostgreSQL database dump complete
--

